sk_egresado,anio_grado,fecha_grado,estado_evidencia,empleador,cargo,area,es_afin,sector,ambito,nivel_confianza,fuente
EG-0B8997DA10,2017,2017-06-15,Sin informacion,,,No determinada,,No determinado,No determinado,Sin fuente,
EG-8CF6CC21EF,2017,2017-06-19,Sin informacion,,,No determinada,,No determinado,No determinado,Sin fuente,
EG-1947D3F94D,2017,2017-07-04,Sin informacion,,,No determinada,,No determinado,No determinado,Sin fuente,
EG-C88029AE87,2017,2017-08-11,Sin informacion,,,No determinada,,No determinado,No determinado,Sin fuente,
EG-3533805FD4,2017,2017-09-05,Sin informacion,,,No determinada,,No determinado,No determinado,Sin fuente,
EG-551AC1C3D5,2017,2017-12-11,Empleo verificado,Cibergestion,,No determinada,,TI / Consultoria,No determinado,Media,LinkedIn (directorio)
EG-60B5A78924,2018,2018-03-09,Sin informacion,,,No determinada,,No determinado,No determinado,Sin fuente,
EG-FB2D2BC3F8,2018,2018-04-20,Sin informacion,,,No determinada,,No determinado,No determinado,Sin fuente,
EG-7C5B4E5813,2018,2018-04-25,Sin informacion,,,No determinada,,No determinado,No determinado,Sin fuente,
EG-B9422E137C,2018,2018-04-25,Sin informacion,,,No determinada,,No determinado,No determinado,Sin fuente,
EG-B8A4E0FF20,2018,2018-05-30,Sin informacion,,,No determinada,,No determinado,No determinado,Sin fuente,
EG-1C6889898B,2018,2018-06-14,Sin informacion,,,No determinada,,No determinado,No determinado,Sin fuente,
EG-51AD19D705,2018,2018-06-27,Sin informacion,,,No determinada,,No determinado,No determinado,Sin fuente,
EG-A67E54E4BD,2018,2018-06-27,Empleo verificado,Data Consulting,,No determinada,,TI / Consultoria,Tacna,Alta,LinkedIn perfil directo
EG-39DE53BAEC,2018,2018-08-14,Empleo verificado,Universidad Privada de Tacna,,No determinada,,Educacion,Tacna,Media,LinkedIn (directorio)
EG-0353271214,2018,2018-09-28,Sin informacion,,,No determinada,,No determinado,No determinado,Sin fuente,
EG-43BDB5B91D,2018,2018-10-03,Sin informacion,,,No determinada,,No determinado,No determinado,Sin fuente,
EG-7DF9A0125B,2018,2018-10-03,Sin informacion,,,No determinada,,No determinado,No determinado,Sin fuente,
EG-0CB1C35F80,2018,2018-10-15,Sin informacion,,,No determinada,,No determinado,No determinado,Sin fuente,
EG-C7B197500C,2019,2019-02-13,Sin informacion,,,No determinada,,No determinado,No determinado,Sin fuente,
EG-FAACE1202D,2019,2019-02-25,Empleo verificado,Caja Cencosud Scotiabank,,No determinada,,Financiero,No determinado,Alta,LinkedIn perfil directo
EG-131C061D54,2019,2019-03-18,No confirmado,,,No determinada,,No determinado,No determinado,Media,LinkedIn (directorio)
EG-1656574CF2,2019,2019-04-25,No confirmado,,,No determinada,,No determinado,No determinado,Alta,LinkedIn perfil directo
EG-1002710DA0,2019,2019-05-06,Sin informacion,,,No determinada,,No determinado,No determinado,Sin fuente,
EG-6E9601AB25,2019,2019-05-13,Sin informacion,,,No determinada,,No determinado,No determinado,Sin fuente,
EG-E3F6B85C6A,2019,2019-05-13,No confirmado,,,No determinada,,No determinado,No determinado,Media,LinkedIn (directorio)
EG-3C6EAB59BD,2019,2019-06-20,Sin informacion,,,No determinada,,No determinado,No determinado,Sin fuente,
EG-9AAD75DD58,2019,2019-06-20,Empleo verificado,Prosegur,,No determinada,,Servicios,No determinado,Media,LinkedIn (directorio)
EG-CB6FE60A42,2019,2019-06-20,Sin informacion,,,No determinada,,No determinado,No determinado,Sin fuente,
EG-F2A5BD25E5,2019,2019-06-20,Sin informacion,,,No determinada,,No determinado,No determinado,Sin fuente,
EG-B5361B7DD1,2019,2019-07-05,Empleo verificado,Vurbis Interactive,,No determinada,,TI / Consultoria,No determinado,Alta,LinkedIn perfil directo
EG-A9120F197D,2019,2019-10-09,Sin informacion,,,No determinada,,No determinado,No determinado,Sin fuente,
EG-3FA8F2A754,2019,2019-10-09,No confirmado,,,No determinada,,No determinado,No determinado,Alta,LinkedIn perfil directo
EG-B8DC548431,2019,2019-11-22,Sin informacion,,,No determinada,,No determinado,No determinado,Sin fuente,
EG-C11DF4A69E,2019,2019-11-27,Sin informacion,,,No determinada,,No determinado,No determinado,Sin fuente,
EG-9A81FA18DF,2019,2019-12-03,Sin informacion,,,No determinada,,No determinado,No determinado,Sin fuente,
EG-AA6F47DC78,2019,2019-12-16,Sin informacion,,,No determinada,,No determinado,No determinado,Sin fuente,
EG-BD2DF7ACB4,2019,2019-12-16,Sin informacion,,,No determinada,,No determinado,No determinado,Sin fuente,
EG-16F0E91185,2019,2019-12-16,Sin informacion,,,No determinada,,No determinado,No determinado,Sin fuente,
EG-26998344B9,2020,2020-02-05,Sin informacion,,,No determinada,,No determinado,No determinado,Sin fuente,
EG-3C10EA3328,2020,2020-02-05,Sin informacion,,,No determinada,,No determinado,No determinado,Sin fuente,
EG-771AF33E8D,2020,2020-02-05,No confirmado,,,No determinada,,No determinado,No determinado,Media,LinkedIn (directorio)
EG-4E604E4126,2020,2020-03-02,Sin informacion,,,No determinada,,No determinado,No determinado,Sin fuente,
EG-DC02B20015,2020,2020-03-02,Sin informacion,,,No determinada,,No determinado,No determinado,Sin fuente,
EG-6826420266,2020,2020-06-11,Sin informacion,,,No determinada,,No determinado,No determinado,Sin fuente,
EG-9B17171D46,2020,2020-11-30,Empleo verificado,Municipalidad Distrital de Ilabaya,,No determinada,,Publico,Tacna,Media,LinkedIn (directorio)
EG-B14D1A340A,2020,2020-12-09,Empleo verificado,INCOTEC - Innovacion Eficiente,,No determinada,,TI / Consultoria,No determinado,Alta,LinkedIn + UPT
EG-A2C0F87A94,2021,2021-01-19,Sin informacion,,,No determinada,,No determinado,No determinado,Sin fuente,
EG-ED410A5326,2021,2021-01-19,Sin informacion,,,No determinada,,No determinado,No determinado,Sin fuente,
EG-0F9CDB9526,2021,2021-04-06,Sin informacion,,,No determinada,,No determinado,No determinado,Sin fuente,
EG-C7E16A9851,2021,2021-04-09,Sin informacion,,,No determinada,,No determinado,No determinado,Sin fuente,
EG-15ED9F6096,2021,2021-05-17,Sin informacion,,,No determinada,,No determinado,No determinado,Sin fuente,
EG-1411AD1A54,2021,2021-07-05,Sin informacion,,,No determinada,,No determinado,No determinado,Sin fuente,
EG-C9014732C9,2021,2021-07-07,Empleo verificado,Universidad Privada de Tacna,,No determinada,,Educacion,Tacna,Alta,LinkedIn perfil directo
EG-FBED05C59C,2021,2021-07-07,Sin informacion,,,No determinada,,No determinado,No determinado,Sin fuente,
EG-3E5D1F9568,2021,2021-07-07,Empleo verificado,Freelance,Frontend Developer,Desarrollo de Software,1,Independiente,No determinado,Media,LinkedIn
EG-FAF71DF7D6,2021,2021-07-20,Sin informacion,,,No determinada,,No determinado,No determinado,Sin fuente,
EG-D9E21EE39F,2021,2021-07-22,Empleo verificado,CCITEC Ingenieria y Tecnologia,,No determinada,,TI / Consultoria,No determinado,Alta,LinkedIn perfil directo
EG-3852501E50,2021,2021-08-18,Empleo verificado,Ensolvers,,No determinada,,TI / Consultoria,No determinado,Alta,LinkedIn perfil directo
EG-5ECC57AE45,2021,2021-08-26,Sin informacion,,,No determinada,,No determinado,No determinado,Sin fuente,
EG-C9C05167BB,2021,2021-09-13,Sin informacion,,,No determinada,,No determinado,No determinado,Sin fuente,
EG-EBF9914996,2021,2021-09-17,Empleo verificado,,Web Developer,Desarrollo de Software,1,No determinado,No determinado,Media,LinkedIn
EG-17BCFD78AE,2021,2021-09-17,Sin informacion,,,No determinada,,No determinado,No determinado,Sin fuente,
EG-3A37A4BAEB,2021,2021-09-17,Empleo verificado,,Data Project Manager,Datos / BI / IA,1,No determinado,No determinado,Media,LinkedIn
EG-566C1E95C8,2021,2021-09-28,Sin informacion,,,No determinada,,No determinado,No determinado,Sin fuente,
EG-83AC3FED8B,2021,2021-09-28,Empleo verificado,,Ingeniero de Sistemas,Infraestructura y Soporte,1,No determinado,No determinado,Media,LinkedIn
EG-36B24217D4,2021,2021-10-12,Sin informacion,,,No determinada,,No determinado,No determinado,Sin fuente,
EG-2C34108027,2021,2021-10-13,Sin informacion,,,No determinada,,No determinado,No determinado,Sin fuente,
EG-E1D0DD81D0,2021,2021-11-23,No confirmado,,,No determinada,,No determinado,No determinado,Media,LinkedIn (directorio)
EG-B96958E67B,2021,2021-11-23,Sin informacion,,,No determinada,,No determinado,No determinado,Sin fuente,
EG-8AF0A75F27,2021,2021-11-23,No confirmado,,,No determinada,,No determinado,No determinado,Alta,LinkedIn perfil directo
EG-3DAB8BDCFD,2021,2021-11-30,Empleo verificado,NTT DATA,Desarrollador Frontend,Desarrollo de Software,1,TI / Consultoria,Lima,Media,LinkedIn
EG-2C23355D34,2021,2021-11-30,Sin informacion,,,No determinada,,No determinado,No determinado,Sin fuente,
EG-F0B041AE31,2021,2021-12-14,Empleo verificado,Banco Falabella,Desarrollador Backend,Desarrollo de Software,1,Financiero,Lima,Media,LinkedIn
EG-7980998DA4,2022,2022-02-07,Sin informacion,,,No determinada,,No determinado,No determinado,Sin fuente,
EG-7382C6E0C0,2022,2022-05-12,Sin evidencia laboral,,,No determinada,,No determinado,No determinado,Media,LinkedIn
EG-99C4C43371,2022,2022-05-12,Empleo verificado,Instituto Superior John von Neumann,,No determinada,,Educacion,No determinado,Media,LinkedIn (directorio)
EG-CBB2227D6E,2022,2022-05-25,Sin informacion,,,No determinada,,No determinado,No determinado,Sin fuente,
EG-7A015288CF,2022,2022-06-02,Sin informacion,,,No determinada,,No determinado,No determinado,Sin fuente,
EG-E84519C45F,2022,2022-06-02,Sin informacion,,,No determinada,,No determinado,No determinado,Sin fuente,
EG-0E63489FA9,2022,2022-06-15,Empleo verificado,Tsoft,Full Stack Developer,Desarrollo de Software,1,TI / Consultoria,No determinado,Media,LinkedIn
EG-FF649DC763,2023,2023-01-01,Empleo verificado,NTT DATA,,No determinada,,TI / Consultoria,Lima,Alta,LinkedIn perfil directo
EG-A3506D1055,2023,2023-01-05,Empleo verificado,GLADCON GROUP,,No determinada,,No determinado,No determinado,Alta,LinkedIn perfil directo
EG-415E148C7C,2023,2023-01-09,Empleo verificado,,Desarrollador Web,Desarrollo de Software,1,No determinado,No determinado,Media,LinkedIn
EG-8112A448EC,2023,2023-01-12,Sin informacion,,,No determinada,,No determinado,No determinado,Sin fuente,
EG-409CE8AE28,2023,2023-02-22,Sin informacion,,,No determinada,,No determinado,No determinado,Sin fuente,
EG-E7C8AC145E,2023,2023-03-02,Sin informacion,,,No determinada,,No determinado,No determinado,Sin fuente,
EG-04FBD82CB2,2023,2023-03-09,Empleo verificado,Universidad Privada de Tacna,,No determinada,,Educacion,Tacna,Media,LinkedIn (directorio)
EG-8F7603A0BB,2023,2023-03-10,Sin informacion,,,No determinada,,No determinado,No determinado,Sin fuente,
EG-3879374EFD,2023,2023-03-14,Sin informacion,,,No determinada,,No determinado,No determinado,Sin fuente,
EG-968E839B16,2023,2023-03-27,Sin informacion,,,No determinada,,No determinado,No determinado,Sin fuente,
EG-1AC3BB7D06,2023,2023-03-29,Sin informacion,,,No determinada,,No determinado,No determinado,Sin fuente,
EG-AD27571EA9,2023,2023-04-03,Sin informacion,,,No determinada,,No determinado,No determinado,Sin fuente,
EG-258591F6EE,2023,2023-06-30,Sin informacion,,,No determinada,,No determinado,No determinado,Sin fuente,
EG-C2B3CCA695,2023,2023-08-07,Sin informacion,,,No determinada,,No determinado,No determinado,Sin fuente,
EG-0E82EB82B2,2023,2023-08-07,Sin informacion,,,No determinada,,No determinado,No determinado,Sin fuente,
EG-9F6832B2DA,2023,2023-08-07,Sin informacion,,,No determinada,,No determinado,No determinado,Sin fuente,
EG-25A0D03681,2023,2023-08-07,Empleo verificado,,Soporte TI / Power BI,Infraestructura y Soporte,1,No determinado,No determinado,Media,LinkedIn
EG-1324F181D6,2023,2023-08-08,Sin informacion,,,No determinada,,No determinado,No determinado,Sin fuente,
EG-0CAFA4FF84,2023,2023-08-14,Sin informacion,,,No determinada,,No determinado,No determinado,Sin fuente,
EG-E5C89B4395,2023,2023-08-18,Sin evidencia laboral,,,No determinada,,No determinado,No determinado,Media,LinkedIn
EG-129AF970D9,2023,2023-09-08,Sin informacion,,,No determinada,,No determinado,No determinado,Sin fuente,
EG-70A468B4FC,2023,2023-09-08,Empleo verificado,Southern Peru Copper Corporation,,No determinada,,Mineria,No determinado,Alta,LinkedIn perfil directo
EG-7C5BE1792D,2023,2023-10-05,Sin informacion,,,No determinada,,No determinado,No determinado,Sin fuente,
EG-CABDEFF75B,2023,2023-10-20,Sin informacion,,,No determinada,,No determinado,No determinado,Sin fuente,
EG-283F6853B4,2023,2023-11-14,Empleo verificado,NAVITRACK,,No determinada,,TI / Consultoria,No determinado,Alta,LinkedIn perfil directo
EG-F2E8917FD8,2023,2023-11-15,Sin informacion,,,No determinada,,No determinado,No determinado,Sin fuente,
EG-A9F516D85B,2023,2023-11-15,Sin informacion,,,No determinada,,No determinado,No determinado,Sin fuente,
EG-4115B4DCEE,2023,2023-11-20,Sin informacion,,,No determinada,,No determinado,No determinado,Sin fuente,
EG-635FFA8914,2023,2023-11-22,Sin informacion,,,No determinada,,No determinado,No determinado,Sin fuente,
EG-9DF331FBA7,2023,2023-11-28,Sin informacion,,,No determinada,,No determinado,No determinado,Sin fuente,
EG-9683EADE5E,2023,2023-11-28,Empleo verificado,,Software Developer,Desarrollo de Software,1,No determinado,No determinado,Media,LinkedIn
EG-F852DF2F79,2023,2023-12-06,Empleo verificado,Data Consulting,,No determinada,,TI / Consultoria,Tacna,Media,LinkedIn (directorio)
EG-8103BCDCD8,2024,2024-01-17,Segundo grado (duplicado),,,No determinada,,No determinado,No determinado,Sin fuente,
EG-1F3789DFE6,2024,2024-02-19,No confirmado,,,No determinada,,No determinado,No determinado,Alta,LinkedIn perfil directo
EG-7189B82C7C,2024,2024-02-19,Empleo verificado,Caja Tacna,,No determinada,,Financiero,Tacna,Alta,LinkedIn perfil directo
EG-BDE79965F6,2024,2024-03-20,Empleo verificado,CAPSUR - Corporacion Capacitadora del Sur,,No determinada,,Educacion,No determinado,Media,LinkedIn (directorio)
EG-55F7312F3C,2024,2024-03-20,Empleo verificado,Servicios y Software del Sur S.A.C.,,No determinada,,TI / Consultoria,No determinado,Media,LinkedIn (directorio)
EG-277D72DA46,2024,2024-03-20,Segundo grado (duplicado),,,No determinada,,No determinado,No determinado,Sin fuente,
EG-C23FBE4775,2024,2024-03-20,Empleo verificado,Data Consulting,,No determinada,,TI / Consultoria,Tacna,Media,LinkedIn (directorio)
EG-39F6AADA5F,2024,2024-03-20,Empleo verificado,Data Consulting,,No determinada,,TI / Consultoria,Tacna,Alta,LinkedIn perfil directo
EG-2987B17DDE,2024,2024-03-20,Sin informacion,,,No determinada,,No determinado,No determinado,Sin fuente,
EG-6A05CAB511,2024,2024-05-08,Sin evidencia laboral,,,No determinada,,No determinado,No determinado,Media,LinkedIn
EG-A10B1A3944,2024,2024-05-16,Sin informacion,,,No determinada,,No determinado,No determinado,Sin fuente,
EG-CE6D3F71BC,2024,2024-05-21,Sin informacion,,,No determinada,,No determinado,No determinado,Sin fuente,
EG-A0ABB3DDFD,2024,2024-05-27,Sin evidencia laboral,,,No determinada,,No determinado,No determinado,Media,LinkedIn
EG-7AD5F513A2,2024,2024-06-05,Sin informacion,,,No determinada,,No determinado,No determinado,Sin fuente,
EG-2D6926F300,2024,2024-07-17,Empleo verificado,Municipalidad Distrital Gregorio Albarracin Lanchipa,,No determinada,,Publico,Tacna,Alta,LinkedIn perfil directo
EG-58242F5D1E,2024,2024-08-02,Sin informacion,,,No determinada,,No determinado,No determinado,Sin fuente,
EG-EB2BAF8019,2024,2024-08-16,Sin informacion,,,No determinada,,No determinado,No determinado,Sin fuente,
EG-A20E2B3976,2024,2024-08-21,No confirmado,,,No determinada,,No determinado,No determinado,Alta,LinkedIn perfil directo
EG-6E586FA554,2024,2024-08-23,Sin informacion,,,No determinada,,No determinado,No determinado,Sin fuente,
EG-5EC185C2A7,2024,2024-09-23,Sin evidencia laboral,,,No determinada,,No determinado,No determinado,Media,LinkedIn
EG-380622745F,2024,2024-09-30,Sin informacion,,,No determinada,,No determinado,No determinado,Sin fuente,
EG-B38A4C012E,2024,2024-10-04,Empleo verificado,,Full Stack Developer,Desarrollo de Software,1,No determinado,No determinado,Media,LinkedIn
EG-4221E499E6,2024,2024-10-04,Sin informacion,,,No determinada,,No determinado,No determinado,Sin fuente,
EG-349CFE8FCD,2024,2024-10-22,Sin evidencia laboral,,,No determinada,,No determinado,No determinado,Media,LinkedIn
EG-8EB7A6382C,2024,2024-11-08,Sin evidencia laboral,,,No determinada,,No determinado,No determinado,Media,LinkedIn
EG-B019B61D5D,2024,2024-11-18,Sin informacion,,,No determinada,,No determinado,No determinado,Sin fuente,
EG-DC6B4BF7FC,2024,2024-11-21,No confirmado,,,No determinada,,No determinado,No determinado,Media,LinkedIn (directorio)
EG-5EA301C221,2024,2024-11-21,Sin informacion,,,No determinada,,No determinado,No determinado,Sin fuente,
